58车金融客服电话是多少,58金融公司的客服电话是多少,1
按期还款和任性还款的区别是什么,按期还款和任性还款的区别是什么,1
按期还款是什么,按期还款完后面就不会有多出的费用了把,1
白骑士认证失败是什么意思,白骑士认证失败,1
白骑士认证失败是什么意思,白骑士认证失败是什么意思呢,1
白骑士认证失败是什么意思,白骑士认证失败是怎么回事,1
白骑士认证失败是什么意思,显示白骑士认证失败,1
白骑士认证失败是什么意思,登陆显示白骑士认证失败是什么原因,1
半年得利提前支取影响已发放利息吗,季得利满180天取出不扣利息吗,1
绑定银行卡产生费用吗,绑定银行卡不收费吧,1
绑定银行卡失败,为什么绑卡绑不了呢？,1
绑定银行卡失败,是什么原因导致绑卡失败的呢,1
绑定银行卡失败,一直跳转绑定银行卡,1
绑定银行卡失败,绑卡失败是怎么回事？,1
绑定银行卡失败,绑定银行卡后下一步无法操作,1
绑定银行卡失败,绑卡提示四要素不一致,1
绑定银行卡失败,绑卡有问题,1
绑定银行卡失败,绑卡不成功姓名与卡号不符合,1
绑定银行卡失败,绑卡显示银行卡信息不一致,1
绑定银行卡失败,银行卡绑定失败,1
绑定银行卡失败,工行卡绑定不起呢？,1
绑定银行卡失败,绑定银行卡，显示信息错误,1
绑定银行卡失败,绑卡成功了，再进去又显示要绑卡,1
绑定银行卡失败,绑定银行卡绑定不了咋办？,1
绑卡时页面上的银行卡预留手机号码可以修改吗,银行预留手机号默认的怎么修改,1
拨打我行人工客服电话是否收费,打电话不要钱吗,1
拨打我行人工客服电话是否收费,打电话免费吗,1
拨打我行人工客服电话是否收费,你们客服电话是不还收费呢,1
补扣会影响信用吗,补扣不会影响征信什么的吧,1
补扣会影响信用吗,第二扣款会影响征信吗,1
补扣会影响信用吗,今天扣会有影响吗,1
补扣会影响信用吗,现在存上会影响信用吗？,1
补扣会影响信用吗,第二天扣了会不会影响信用,1
补扣会影响信用吗,下午补扣对信用有没有影响,1
补扣会影响信用吗,不能准点出补扣结果但是扣款成功了不会影响我征信吧,1
补扣会影响信用吗,明天在扣会有影响吗,1
补扣会影响信用吗,早上10点忘记存钱进去有影响吗,1
操作好人贷是否需要开启定位,使用好人贷要开定位吗,1
操作好人贷是否需要开启定位,怎么会无法获取地理位置？,1
操作好人贷是否需要开启定位,必须开GPS吗,1
操作好人贷是否需要开启定位,不打开同时三处的定位肯定会拒绝是吗,1
操作好人贷是否需要开启定位,点击领取额度需要设置微信定位,1
操作好人贷是否需要开启定位,借款需要开启定位吗,1
操作好人贷是否需要开启定位,Gps是什么意思,1
操作好人贷是否需要开启定位,不开定位还不能用啊,1
操作好人贷是否需要开启定位,Gps需要一直打开吗,1
查询车贷的注册手机号码是什么,首次登录的号码不是车贷合同号码,1
查询车贷的注册手机号码是什么,我想用车贷合同号码登录，但是提示号码微信已使用,1
查询车贷的注册手机号码是什么,查询的手机号码根注册的不一致查不了的吗？,1
查询车贷的注册手机号码是什么,登陆车贷合同的手机号,1
有没有回复,有短信提醒吗？,1
好人贷通过率多少,下款率高吗,1
车贷如何提前还款,车贷提前结清,1
操作,日期,0
什么资料,哪些资料,1
车贷利息是多少,车贷怎么算,1
还款,取款,0
逾期,分期,0
注销,登陆,0
额度,怎么,0
怎么解冻,是否冻结,0
额度,如何,0
好人贷,现金,0
开据失败怎么办,为什么开据不了？,1
贷款,还款,0
登录,查询,0
美利车客服,车贷平台客服,1
提前还款,还款,1
失败,不符合,1
他人,本人,0
定位,Gps,1
新网注册用户,注册的号,1
好人贷,车贷,0
没有扣款,不扣款,1
热线,热线大全,1
怎么还款,如何还款,1
如何更换默认还款账户,还款账号想换一下,1
还款,超额,0
公众号,微信公众号,1
什么情况,怎么回事儿,1
主动还款,自己操作还款,1
银行卡,现金,0
查看,查询,1
如何查看,能否查询,1
人脸识别,刷脸,1
无法还款,还款失败,1
在哪里,什么地方,1
多久,怎么,0
好人贷,银行账户,0
地方,方式,0
申请,还款,0
好人贷,任性还款,0
贷款期限是多久,还款期多少天,1
怎么,为什么,0
好人贷如何申请,还可以借钱不？,1
如何,区别,0
没有获取,未获取,1
失败,不成功,1
无法借款,去借钱是灰色按钮,1
为何,为什么,1
是否正常运营,会正常运营吗？,1
账户冻结,冻结,1
办理,使用,0
登录,冻结,0
延迟,用于,0
多久,哪些,0
无法使用,不能用了,1
如何,怎么,1
多少,如何,0
方法,平台,0
关于,有关,1
利率,利率是多少,1
不一致,对不上,1
注册用户,如何注册账户,1
如何还款,贷款怎么还,1
如何查看,在哪查看,1
提前还当期账单,当期账单提前还,1
失败,失败怎么办,1
身份证,手机号,0
是否有依据？,有依据吗？,1
提前还款利息,提前还款的利息如何计算,1
是否解冻,如何冻结,0
好人贷如何申请,怎么操作能借钱,1
什么,如何,0
什么情况算逾期,逾期有宽限期吗？,1
平台,贷款系统,1
自动扣款时间,什么时候自动扣款,1
车贷,车贷相关信息如何查询,1
哪些操作,哪些步骤,1
啥,哪些,1
车贷利息是多少,车贷的利息的详单,1
美利车平台,车贷,1
支取,存款,0
可以,能否,1
要,需要,1
如何审核,怎么审核,1
周期,有效期,0
支取,计息,0
还不了款,还款失败,1
如何处理,怎么处理,1
绑定银行卡失败,绑卡不成功姓名与卡号不符合,1
如何解冻,如何冻结,0
方法,地方,0